ID,Database,Location, Bridge Type, Bridge Type Description,Center Latitude,Center Longitude,Center Elevation (m),Inundation Flag (Center),Culvert,
1,NBI,'3.2 KM N.E. OF MOCLIPS',2,Stringer/Multi-beam or Girder,47.25278802,-124.1779995,18.4,1,0,
2,NBI,'3 KM NE OF MOCLIPS',2,Stringer/Multi-beam or Girder,47.24966733,-124.1739913,18.8,1,0,
3,NBI,'15 KM N.E. OF MOCLIPS',4,Tee Beam,47.2947274,-124.0662513,82.7,0,0,
4,NBI,'23 KM NE OF MOCLIPS',4,Tee Beam,47.33808868,-124.0327233,50.2,0,0,
5,NBI,'26 KM NE OF MOCLIPS',2,Stringer/Multi-beam or Girder,47.34758478,-124.0076479,52.7,0,0,
6,NBI,'4 KM N.E. OF MOCLIPS',2,Stringer/Multi-beam or Girder,47.25271696,-124.174375,18.4,1,0,
7,NBI,'25.7 KM NE COPALIS X-ING',4,Tee Beam,47.35775097,-123.9907348,50.4,0,0,
8,NBI,'4 KM S OF AMANDA PARK JCT',5,Box Beam or Girders - Multiple,47.42813284,-123.9142697,58.3,0,0,
9,NBI,'16 KM NORTH OF MOCLIPS',2,Stringer/Multi-beam or Girder,47.35097897,-124.1547319,38.7,0,0,
10,NBI,'15 KM N.E. OF MOCLIPS',19,Culvert (inlcudes frame culverts),47.30196523,-124.0613196,90.2,0,1,
11,NBI,'0.1 E JCT US 101',17,Moveable - Swing,46.97603626,-123.8116117,1,1,0,
12,NBI,'1.7 N JCT SR 4',2,Stringer/Multi-beam or Girder,46.44984328,-123.8725131,9.4,1,0,
13,NBI,'3.6 N JCT SR 4',2,Stringer/Multi-beam or Girder,46.47534244,-123.8851066,6.2,1,0,
14,NBI,'19.1 N JCT SR 115',1,Slab,47.28463392,-124.2339548,3.6,1,0,
15,NBI,'Milepost 19.9 on US-101',2,Stringer/Multi-beam or Girder,46.36574847,-123.9512401,2.3,1,0,
16,NBI,'21.8 E JCT US 101',4,Tee Beam,46.54999193,-123.4129959,225.7,0,0,
17,NBI,'1.3KM WEST OF JCT 8049',2,Stringer/Multi-beam or Girder,46.8155171,-123.1771444,25.4,1,0,
18,NBI,'2.7KM W LUCKY EAGLE CASIN',6,Box Beam or Girders - Single or Spread,46.81590213,-123.1895947,25.4,1,0,
19,NBI,'3.3KM W LUCKY EAGL CASINO',19,Culvert (inlcudes frame culverts),46.81933042,-123.1952049,25.6,1,1,
20,NBI,'AT FISH HATCHERY',2,Stringer/Multi-beam or Girder,46.81933094,-123.2002293,26.1,1,0,
21,NBI,'4KM W LUCKY EAGLE CASINO',2,Stringer/Multi-beam or Girder,46.82159819,-123.2083266,24.4,1,0,
22,NBI,'.9 KM N  CUITAN STREET',6,Box Beam or Girders - Single or Spread,47.34791607,-124.2847484,1.2,1,0,
23,NBI,'11KM NE OF MO CLIPS',3,Girder and Floorbeam System,47.32097679,-124.1567372,72.3,0,0,
24,NBI,'3 KM S OF AMANDA PK JUNCT',2,Stringer/Multi-beam or Girder,47.43639123,-123.8963798,75.4,0,0,
25,NBI,'6.6 N JCT SR 401',19,Culvert (inlcudes frame culverts),46.30394535,-123.9669536,2.4,1,1,
26,NBI,'3.3 N JCT US 12',16,Movable - Bascule,46.97537428,-123.8771381,0.7,1,0,
27,NBI,'23.2 E JCT US 101',4,Tee Beam,46.54661064,-123.3861683,209.5,0,0,
28,NBI,'4.3 N JCT SR 105',4,Tee Beam,46.75011888,-123.7504803,41.2,0,0,
29,NBI,'5.7 N JCT SR 105',4,Tee Beam,46.76882896,-123.7486211,45.2,0,0,
30,NBI,'10.5 E JCT SR 8',4,Tee Beam,46.87961209,-123.2716575,21,1,0,
31,NBI,'13.0 E JCT SR 8',4,Tee Beam,46.84800144,-123.2486588,23.7,1,0,
32,NBI,'16.3 E JCT SR 8',10,Truss - Thru,46.83016717,-123.1858193,24.7,1,0,
33,NBI,'1.1 E JCT US 101',4,Tee Beam,46.97831724,-123.7910915,15.7,1,0,
34,NBI,'7.0 N JCT SR 103',2,Stringer/Multi-beam or Girder,46.37235174,-123.9500719,1.4,1,0,
35,NBI,'12.2 N JCT SR 103',2,Stringer/Multi-beam or Girder,46.42841062,-123.9178256,0.9,1,0,
36,NBI,'8.3 E JCT US 101',10,Truss - Thru,46.97658332,-123.6433104,4,1,0,
37,NBI,'32.9 N JCT SR 109',2,Stringer/Multi-beam or Girder,47.37658839,-123.8991639,110.5,0,0,
38,NBI,'36.5 N JCT SR 109',2,Stringer/Multi-beam or Girder,47.42587031,-123.87646,111.1,0,0,
39,NBI,'0.1 E JCT SR 8',4,Tee Beam,47.00506899,-123.386437,19.9,1,0,
40,NBI,'4.5 E JCT SR 8',4,Tee Beam,46.95653282,-123.3271759,13.4,1,0,
41,NBI,'6.1 E JCT SR 8',4,Tee Beam,46.93766356,-123.3106143,13.4,1,0,
42,NBI,'8.6 E JCT SR 8',4,Tee Beam,46.90291027,-123.2912698,21.5,1,0,
43,NBI,'0.2 W JCT US 12',16,Movable - Bascule,46.97713318,-123.8118148,0.7,1,0,
44,NBI,'11.3 E JCT US 101',11,Arch - Deck,46.55572109,-123.6113979,38.4,0,0,
45,NBI,'12.2 E JCT US 101',11,Arch - Deck,46.55829574,-123.5967769,44.2,0,0,
46,NBI,'14.6 E JCT US 101',11,Arch - Deck,46.55978501,-123.5507186,55.4,0,0,
47,NBI,'5.5 N JCT SR 4',1,Slab,46.50097074,-123.8865406,3.2,1,0,
48,NBI,'6.7 N JCT SR 4',1,Slab,46.51838537,-123.8858102,3,1,0,
49,NBI,'13.6 N JCT SR 105 SP',1,Slab,46.94009807,-123.8773915,2.1,1,0,
50,NBI,'12.1 N JCT SR 105 SP',1,Slab,46.9335901,-123.9080634,2.4,1,0,
51,NBI,'12.6 N JCT SR 105 SP',1,Slab,46.93585035,-123.8973439,2.5,1,0,
52,NBI,'13.1 N JCT SR 105 SP',1,Slab,46.93791279,-123.8877011,3.6,1,0,
53,NBI,'15.1 N JCT SR 109',4,Tee Beam,47.16862542,-123.8845075,41.6,0,0,
54,NBI,'2.5 E JCT US 101',1,Slab,46.66278484,-123.6898682,15.4,1,0,
55,NBI,'46.3 N JCT SR 109',4,Tee Beam,47.47368673,-124.0224905,128.6,0,0,
56,NBI,'4.4 N JCT SR 107',1,Slab,46.95997143,-123.7760902,2.6,1,0,
57,NBI,'9.2 N JCT SR 109',4,Tee Beam,47.09208408,-123.9046509,29.9,1,0,
58,NBI,'21.3 N JCT SR 109',4,Tee Beam,47.22752564,-123.9645567,34.5,0,0,
59,NBI,'21.5 N JCT SR 109',10,Truss - Thru,47.22958937,-123.9621772,33.5,0,0,
60,NBI,'19.9 E JCT US 101',4,Tee Beam,46.54801162,-123.4508524,140,0,0,
61,NBI,'10.8 N JCT US 101',1,Slab,47.05656458,-124.0498106,1.8,1,0,
62,NBI,'5.3 N JCT SR 115',2,Stringer/Multi-beam or Girder,47.11667047,-124.169527,2.2,1,0,
63,NBI,'7.0 N JCT SR 105 SP',2,Stringer/Multi-beam or Girder,46.8999378,-123.9992472,0.2,1,0,
64,NBI,'11.4 N JCT US 101',4,Tee Beam,46.36690584,-123.8104225,3.1,1,0,
65,NBI,'13.1 N JCT SR 115',22,Channel Beam ,47.20647428,-124.1978279,2.1,1,0,
66,NBI,'7.6 N JCT US 101',2,Stringer/Multi-beam or Girder,46.9705653,-123.6012315,7.2,1,0,
67,NBI,'7.8 N JCT US 101',2,Stringer/Multi-beam or Girder,46.97329643,-123.6009688,7.2,1,0,
68,NBI,'0.2 N JCT SR 105',16,Movable - Bascule,46.97208434,-123.8085838,0.6,1,0,
69,NBI,'9.4 E JCT US 101',5,Box Beam or Girders - Multiple,46.58174778,-123.6186493,27.5,1,0,
70,NBI,'9.5 N JCT SR 105 SP',2,Stringer/Multi-beam or Girder,46.91768933,-123.9581734,2.8,1,0,
71,NBI,'14.9 N JCT SR 105 SP',1,Slab,46.94344168,-123.8529593,2,1,0,
72,NBI,'41.7 N JCT SR 109',4,Tee Beam,47.47702061,-123.9296535,121.7,0,0,
73,NBI,'1.9 N JCT SR 105 SP',5,Box Beam or Girders - Multiple,46.86248717,-124.0684585,0.9,1,0,
74,NBI,'10.1 N JCT US 101',1,Slab,47.04808995,-124.0401808,4.4,1,0,
75,NBI,'10.3 N JCT US 101',10,Truss - Thru,47.05115587,-124.0428318,0.6,1,0,
76,NBI,'0.8 N JCT SR 115',1,Slab,47.05597543,-124.1633715,4.2,1,0,
77,NBI,'15.4 N JCT SR 115',1,Slab,47.23774585,-124.2141111,3.5,1,0,
78,NBI,'0.6 N PACIFIC CO',4,Tee Beam,46.79879697,-123.746126,54.8,0,0,
79,NBI,'5.2 N JCT SR 103',1,Slab,46.34865433,-123.9576819,1.8,1,0,
80,NBI,'6.5 N JCT US 101',1,Slab,47.00418404,-124.0017778,1,1,0,
81,NBI,'8.7 N JCT US 101',1,Slab,47.0311514,-124.0254589,1.2,1,0,
82,NBI,'43.2 N JCT SR 109',1,Slab,47.48024309,-123.9593191,136.7,0,0,
83,NBI,'10.0 N JCT SR 109',2,Stringer/Multi-beam or Girder,47.10397991,-123.9062746,42.5,0,0,
84,NBI,'14.0 E JCT US 101',4,Tee Beam,46.56096929,-123.5602962,52.3,0,0,
85,NBI,'4.4 N JCT SR 109',1,Slab,47.03100878,-123.9220431,3.5,1,0,
86,NBI,'45.1 N JCT SR 109',1,Slab,47.47708371,-123.9972629,152.2,0,0,
87,NBI,'52.2 N JCT SR 109',1,Slab,47.50063135,-124.1382251,133,0,0,
88,NBI,'1.4 N JCT SR 109',1,Slab,46.99428045,-123.8950823,1.7,1,0,
89,NBI,'6.8 N JCT US 101',10,Truss - Thru,46.96216176,-123.6036611,0.8,1,0,
90,NBI,'6.9 N JCT US 101',1,Slab,46.30863399,-123.8009938,28,1,0,
91,NBI,'9.6 N JCT US 101',1,Slab,46.34233055,-123.8138458,11.8,1,0,
92,NBI,'7.6 N JCT US 101',19,Culvert (inlcudes frame culverts),46.72640761,-123.852432,6.2,1,1,
93,NBI,'3.8 E JCT SR 108',1,Slab,47.05350997,-123.208955,102.1,0,0,
94,NBI,'39.1 N JCT SR 109',5,Box Beam or Girders - Multiple,47.45808021,-123.889677,57.2,0,0,
95,NBI,'1.1 E JCT US 12',2,Stringer/Multi-beam or Girder,47.01211884,-123.3666146,21.1,1,0,
96,NBI,'1.1 E JCT US 12',2,Stringer/Multi-beam or Girder,47.01239911,-123.3663726,21.1,1,0,
97,NBI,'4.1 E JCT US 12',1,Slab,47.04117898,-123.3212554,43.4,0,0,
98,NBI,'4.1 E JCT US 12',1,Slab,47.0413323,-123.3213954,44.1,0,0,
99,NBI,'16.8 E JCT US 101',1,Slab,46.54333719,-123.5117131,65.2,0,0,
100,NBI,'JCT SR 8',2,Stringer/Multi-beam or Girder,47.00510192,-123.3877411,20.8,1,0,
101,NBI,'JCT SR 8',2,Stringer/Multi-beam or Girder,47.00527254,-123.387886,21,1,0,
102,NBI,'10.0 E JCT SR 107',2,Stringer/Multi-beam or Girder,47.00289231,-123.3951783,16.8,1,0,
103,NBI,'10.0 E JCT SR 107',2,Stringer/Multi-beam or Girder,47.00308054,-123.3952562,16,1,0,
104,NBI,'11.6 N JCT US 101',1,Slab,46.36952939,-123.8079051,4.1,1,0,
105,NBI,'12.0 N JCT US 101',1,Slab,46.37363472,-123.8035398,4,1,0,
106,NBI,'25.4 N JCT SR 4',1,Slab,46.66394749,-123.8052667,4.9,1,0,
107,NBI,'4.8 E JCT SR 107',1,Slab,46.9974334,-123.5022783,12.8,1,0,
108,NBI,'4.8 E JCT SR 107',1,Slab,46.9977496,-123.5019083,12.3,1,0,
109,NBI,'5.0 E JCT SR 107',1,Slab,46.9986709,-123.4978488,13.2,1,0,
110,NBI,'5.0 E JCT SR 107',1,Slab,46.99884454,-123.497935,13.2,1,0,
111,NBI,'5.1 E JCT SR 107',1,Slab,46.99910639,-123.4959551,13.4,1,0,
112,NBI,'5.1 E JCT SR 107',1,Slab,46.9992969,-123.4959801,13.3,1,0,
113,NBI,'5.2 E JCT SR 107',12,Arch - Thru,46.99955141,-123.4933812,10,1,0,
114,NBI,'5.2 E JCT SR 107',12,Arch - Thru,46.99973085,-123.4934688,10.2,1,0,
115,NBI,'OREGON LINE',2,Stringer/Multi-beam or Girder,46.24071962,-123.8747693,1.3,1,0,
116,NBI,'3.65 S OREGON LINE',10,Truss - Thru,46.23601549,-123.8725462,0.4,1,0,
117,NBI,'3.37 S OREGON LINE',2,Stringer/Multi-beam or Girder,46.23166939,-123.8702234,0.4,1,0,
118,NBI,'0.96 S OREGON LINE',10,Truss - Thru,46.19323564,-123.8503976,1.7,1,0,
119,NBI,'6.3 E JCT SR 107',1,Slab,46.99890421,-123.4711024,7.3,1,0,
120,NBI,'6.3 E JCT SR 107',1,Slab,46.99910532,-123.4710899,7.5,1,0,
121,NBI,'29.4 N JCT SR 4',2,Stringer/Multi-beam or Girder,46.6816293,-123.7324847,-0.2,1,0,
122,NBI,'9.7 E JCT US 101',2,Stringer/Multi-beam or Girder,46.97357103,-123.6145292,4.5,1,0,
123,NBI,'9.7 E JCT US 101',2,Stringer/Multi-beam or Girder,46.973725,-123.6143794,4.7,1,0,
124,NBI,'10.3 E JCT US 101',2,Stringer/Multi-beam or Girder,46.97534074,-123.6012236,7.2,1,0,
125,NBI,'10.3 E JCT US 101',2,Stringer/Multi-beam or Girder,46.97553748,-123.6012889,7.2,1,0,
126,NBI,'3.3 N JCT US 12',15,Movable - Lift,46.9794762,-123.8842444,0.7,1,0,
127,NBI,'9.6 E JCT SR 107',2,Stringer/Multi-beam or Girder,47.00080325,-123.4031843,12.8,1,0,
128,NBI,'20.9 N JCT SR 4',1,Slab,46.68843522,-123.8685562,2.4,1,0,
129,NBI,'21.4 N JCT SR 4',1,Slab,46.69312717,-123.8593712,2.5,1,0,
130,NBI,'23.6 N JCT SR 4',1,Slab,46.68334439,-123.8277123,1.9,1,0,
131,NBI,'8.7 N JCT SR 401',4,Tee Beam,46.32032873,-124.0014899,2.1,1,0,
132,NBI,'1.9 N JCT SR 103',2,Stringer/Multi-beam or Girder,46.33099521,-124.0143186,2.8,1,0,
133,NBI,'2.6 N JCT SR 103',2,Stringer/Multi-beam or Girder,46.33080868,-123.9999101,2.3,1,0,
134,NBI,'26.9 N JCT SR 4',2,Stringer/Multi-beam or Girder,46.67119199,-123.777113,3.1,1,0,
135,NBI,'15.6 N JCT SR 105 SP',1,Slab,46.9474113,-123.8383105,2.7,1,0,
136,NBI,'12.9 N JCT SR 103',2,Stringer/Multi-beam or Girder,46.43149407,-123.9033011,2.8,1,0,
137,NBI,'0.2 N JCT SR 105',3,Girder and Floorbeam System,46.9740434,-123.8121148,3.7,1,0,
138,NBI,'0.2 N JCT SR 105',5,Box Beam or Girders - Multiple,46.97346133,-123.8129958,3.7,1,0,
139,NBI,'6.0 N JCT SR 109',1,Slab,47.05072469,-123.9252643,2.9,1,0,
140,NBI,'0.4 N JCT SR 109',2,Stringer/Multi-beam or Girder,46.98939104,-123.9214563,1,1,0,
141,NBI,'11.6 N JCT SR 109',1,Slab,47.12319739,-123.8941083,62.8,0,0,
142,NBI,'24.7 N JCT SR 109',1,Slab,47.26294859,-123.9205661,71.6,0,0,
143,NBI,'7.3 N PACIFIC CO',2,Stringer/Multi-beam or Girder,46.88382303,-123.7113085,24.6,1,0,
144,NBI,'17.4 E JCT SR 8',1,Slab,46.82729765,-123.1627318,30,0,0,
145,NBI,'1.3 E JCT SR 401',2,Stringer/Multi-beam or Girder,46.3678657,-123.780292,5.5,1,0,
146,NBI,'2.4 E JCT SR 401',2,Stringer/Multi-beam or Girder,46.3592219,-123.7628837,15.7,1,0,
147,NBI,'7.0 N JCT SR 109',2,Stringer/Multi-beam or Girder,47.06850011,-123.929875,8.7,1,0,
148,NBI,'13.6 N JCT SR 4',2,Stringer/Multi-beam or Girder,46.61408968,-123.9142042,2.3,1,0,
149,NBI,'14.8 N JCT SR 4',2,Stringer/Multi-beam or Girder,46.62987829,-123.9226141,2.6,1,0,
150,NBI,'9.5 E JCT US 101',2,Stringer/Multi-beam or Girder,46.97554544,-123.6214727,13.9,1,0,
151,NBI,'0.7 N JCT SR 6',2,Stringer/Multi-beam or Girder,46.69164616,-123.7332173,-0.3,1,0,
152,NBI,'6.3 N JCT SR 4',2,Stringer/Multi-beam or Girder,46.513232,-123.8858993,2.6,1,0,
153,NBI,'1.3 E JCT SR 108',2,Stringer/Multi-beam or Girder,47.04514622,-123.2631553,93.2,0,0,
154,NBI,'0.1 N S RAZOR CLAM',1,Slab,46.9634315,-124.152387,3.9,1,0,
155,NBI,'36.2 N JCT SR 109',2,Stringer/Multi-beam or Girder,47.42176455,-123.8762469,114.1,0,0,
156,NBI,'10.6 N JCT SR 109',5,Box Beam or Girders - Multiple,47.1097444,-123.896996,49,0,0,
157,NBI,'12.0 N JCT SR 109',1,Slab,47.1280783,-123.8945022,66.6,0,0,
158,NBI,'16.5 N JCT US 101',2,Stringer/Multi-beam or Girder,47.16293527,-123.8791973,51.3,0,0,
159,NBI,'14.5 N JCT SR 109',7,Frame (Except for Culverts),46.73705385,-123.9825828,2.4,1,0,
160,NBI,'16.3 N JCT SR 4',2,Stringer/Multi-beam or Girder,46.64954848,-123.9186986,2.6,1,0,
161,NBI,'5.0 N JCT SR 4',2,Stringer/Multi-beam or Girder,46.49398621,-123.8879887,3.8,1,0,
162,NBI,'10.1 N JCT US 101',2,Stringer/Multi-beam or Girder,46.74718304,-123.884262,0.9,1,0,
163,NBI,'10.5 N JCT US 101',2,Stringer/Multi-beam or Girder,46.75145319,-123.8876702,0.4,1,0,
164,NBI,'7.0 E JCT US 101',2,Stringer/Multi-beam or Girder,46.61202938,-123.6402167,13.2,1,0,
165,NBI,'5.0 E JCT US 12',2,Stringer/Multi-beam or Girder,47.04881778,-123.3067542,62.5,0,0,
166,NBI,'5.0 E JCT US 12',2,Stringer/Multi-beam or Girder,47.04863261,-123.3066244,63,0,0,
167,NBI,'0.3 E JCT SR 108',2,Stringer/Multi-beam or Girder,47.0546262,-123.2806043,79.2,0,0,
168,NBI,'0.3 E JCT SR 108',2,Stringer/Multi-beam or Girder,47.05444096,-123.280542,79.2,0,0,
169,NBI,'9.1 E JCT US 101',19,Culvert (inlcudes frame culverts),46.97663838,-123.6281051,9.4,1,1,
170,NBI,'22.6 E JCT US 101',19,Culvert (inlcudes frame culverts),46.54478787,-123.3973055,217,0,1,
171,NBI,'16.2 N JCT US 101',19,Culvert (inlcudes frame culverts),46.74030906,-123.9757742,3.5,1,1,
172,NBI,'3.1 E JCT US 101',19,Culvert (inlcudes frame culverts),46.39087589,-123.8273219,6.7,1,1,
173,NBI,'NO DATA ENTERED',5,Box Beam or Girders - Multiple,47.37309729,-123.6360185,183.2,0,0,
174,NBI,'NO DATA ENTERED',4,Tee Beam,47.37631079,-123.6274684,183.1,0,0,
175,NBI,'NO DATA ENTERED',2,Stringer/Multi-beam or Girder,47.39657062,-123.5811278,279.4,0,0,
176,NBI,'NO DATA ENTERED',2,Stringer/Multi-beam or Girder,47.41162036,-123.5696185,288.8,0,0,
177,NBI,'NO DATA ENTERED',2,Stringer/Multi-beam or Girder,47.48962425,-123.5283145,447.7,0,0,
178,NBI,'NO DATA ENTERED',2,Stringer/Multi-beam or Girder,47.47233025,-123.5931203,425.2,0,0,
179,NBI,'NO DATA ENTERED',7,Frame (Except for Culverts),47.44805349,-123.5507042,256.6,0,0,
180,NBI,'NO DATA ENTERED',2,Stringer/Multi-beam or Girder,47.38451365,-123.6063952,203.3,0,0,
181,NBI,'NO DATA ENTERED',7,Frame (Except for Culverts),47.38930428,-123.6425204,208.1,0,0,
182,NBI,'NO DATA ENTERED',7,Frame (Except for Culverts),47.40142313,-123.6551447,224.2,0,0,
183,NBI,'NO DATA ENTERED',2,Stringer/Multi-beam or Girder,47.42440054,-123.6424717,335.1,0,0,
184,NBI,'NO DATA ENTERED',2,Stringer/Multi-beam or Girder,47.40438872,-123.6581069,237.9,0,0,
185,NBI,'NO DATA ENTERED',7,Frame (Except for Culverts),47.3561535,-123.5567127,313.4,0,0,
186,NBI,'NO DATA ENTERED',2,Stringer/Multi-beam or Girder,47.35433308,-123.5665136,270.1,0,0,
187,NBI,'NO DATA ENTERED',2,Stringer/Multi-beam or Girder,47.38435692,-123.5301016,334.5,0,0,
188,NBI,'NO DATA ENTERED',7,Frame (Except for Culverts),47.41147068,-123.528348,473.1,0,0,
189,NBI,'NO DATA ENTERED',7,Frame (Except for Culverts),47.4133216,-123.5299839,477.9,0,0,
190,NBI,'1.8 MILE NORTH OF SR 101',1,Slab,47.51247969,-124.093498,169.5,0,0,
191,NBI,'NO DATA ENTERED',7,Frame (Except for Culverts),47.27147617,-123.9126636,86.8,0,0,
192,NBI,'NO DATA ENTERED',2,Stringer/Multi-beam or Girder,47.29750974,-123.8374396,84.8,0,0,
193,NBI,'NO DATA ENTERED',7,Frame (Except for Culverts),47.32951417,-123.8057589,145.1,0,0,
194,NBI,'NO DATA ENTERED',2,Stringer/Multi-beam or Girder,47.33046481,-123.7263164,156.9,0,0,
195,NBI,'NO DATA ENTERED',11,Arch - Deck,47.37882956,-123.7944799,120.4,0,0,
196,NBI,'NO DATA ENTERED',2,Stringer/Multi-beam or Girder,47.45779293,-123.7290039,313.2,0,0,
197,NBI,'NO DATA ENTERED',2,Stringer/Multi-beam or Girder,47.47756062,-123.6990434,320.2,0,0,
198,NBI,'NO DATA ENTERED',2,Stringer/Multi-beam or Girder,47.4840886,-123.6826542,339.7,0,0,
199,NBI,'NO DATA ENTERED',2,Stringer/Multi-beam or Girder,47.48418611,-123.6358419,581.9,0,0,
200,NBI,'NO DATA ENTERED',2,Stringer/Multi-beam or Girder,47.48053468,-123.632914,623.3,0,0,
201,NBI,'NO DATA ENTERED',2,Stringer/Multi-beam or Girder,47.47800146,-123.6343442,647.6,0,0,
202,NBI,'NO DATA ENTERED',2,Stringer/Multi-beam or Girder,47.44905651,-123.746685,295.4,0,0,
203,NBI,'NO DATA ENTERED',10,Truss - Thru,47.42645884,-123.8957349,81.8,0,0,
204,NBI,'NO DATA ENTERED',7,Frame (Except for Culverts),47.3887956,-123.7976397,173.5,0,0,
205,NBI,'NO DATA ENTERED',19,Culvert (inlcudes frame culverts),47.35476366,-123.8621755,447.4,0,1,
206,NBI,'NO DATA ENTERED',2,Stringer/Multi-beam or Girder,47.37336132,-123.7889589,186.9,0,0,
207,NBI,'NO DATA ENTERED',5,Box Beam or Girders - Multiple,47.33239511,-123.8836566,159.3,0,0,
208,NBI,'OFF HWY 101 3.7 MI FSR 22',2,Stringer/Multi-beam or Girder,47.2910645,-123.8555598,101.9,0,0,
209,NBI,'NO DATA ENTERED',2,Stringer/Multi-beam or Girder,47.33194288,-123.8232205,102.4,0,0,
210,NBI,'NO DATA ENTERED',19,Culvert (inlcudes frame culverts),47.41727595,-123.5284907,515.2,0,1,
211,NBI,'0.18 NE JCT SR 6',1,Slab,46.5540959,-123.3609235,177.8,0,0,
212,NBI,'3.0 E JCT 4 & 401',4,Tee Beam,46.37297558,-123.7468678,12.3,1,0,
213,NBI,'7.7 NE JCT US 101',1,Slab,47.51443257,-123.774004,76.2,0,0,
214,NBI,'5.9 SE JCT 6 & 101',2,Stringer/Multi-beam or Girder,46.64719406,-123.6418657,12.9,1,0,
215,NBI,'6.6 E JCT SR 101',1,Slab,47.50055221,-123.7847643,70.7,0,0,
216,NBI,'1.0 S JCT SR 12',1,Slab,46.98833691,-123.4088845,8.7,1,0,
217,NBI,'0.6 S JCT SR 12',1,Slab,46.99287117,-123.4041877,10.8,1,0,
218,NBI,'0.1 W JCT SR 109',1,Slab,47.07106132,-124.1677841,3.6,1,0,
219,NBI,'8.5 E LEWIS CO',19,Culvert (inlcudes frame culverts),46.54473945,-123.5229806,62,0,1,
220,NBI,'01.3 W JCT 9641',1,Slab,46.9886742,-123.4247943,7.5,1,0,
221,NBI,'06.6 NW JCT US 101',2,Stringer/Multi-beam or Girder,47.07264795,-124.0385564,5.2,1,0,
222,NBI,'06.8 NW JCT US 101',22,Channel Beam ,47.07199634,-124.0427794,4.6,1,0,
223,NBI,'06.9 NW JCT US 101',22,Channel Beam ,47.07198501,-124.0436295,4.5,1,0,
224,NBI,'1.6 S JCT SR 12',2,Stringer/Multi-beam or Girder,46.98204748,-123.412676,5.7,1,0,
225,NBI,'10.0 W LEWIS CO',4,Tee Beam,46.56331008,-123.5480209,58.1,0,0,
226,NBI,'01.7 N JCT 7078',1,Slab,46.99181981,-123.5549728,16.3,1,0,
227,NBI,'0.2 S JCT MONTE ELMA',1,Slab,46.98372353,-123.5622538,10.3,1,0,
228,NBI,'3.4 NE JCT SR12',1,Slab,46.99159654,-123.3192876,43,0,0,
229,NBI,'7.2 NW JCT US 101',1,Slab,47.07315401,-124.0508036,5.4,1,0,
230,NBI,'12.2 E JCT US 101',1,Slab,46.81567715,-123.5476072,47.7,0,0,
231,NBI,'0.4 W JCT WYN VAL',2,Stringer/Multi-beam or Girder,47.07908093,-123.7002013,28.2,1,0,
232,NBI,'12.4 N HOQUIAM',1,Slab,47.15344574,-123.8403209,49.3,0,0,
233,NBI,'04.1 W JCT 9641',1,Slab,46.98428359,-123.4692334,7.2,1,0,
234,NBI,'9.8 E JCT US 101',6,Box Beam or Girders - Single or Spread,46.81815448,-123.5827163,40.6,0,0,
235,NBI,'0.1 E JCT SR 105',1,Slab,46.80993725,-124.0919253,4.5,1,0,
236,NBI,'1.5 NE JCT 7815',1,Slab,47.07241414,-123.3547774,54.6,0,0,
237,NBI,'06.0 SE JCT SR 109',1,Slab,47.16216209,-124.1034104,20.4,1,0,
238,NBI,'0.1 E JCT SR 105',1,Slab,46.79911256,-124.0897,4.7,1,0,
239,NBI,'1.5 N JCT CR 7815',1,Slab,47.06816732,-123.3566951,53.6,0,0,
240,NBI,'1.5 S JCT SR 12',5,Box Beam or Girders - Multiple,46.97842198,-123.4788602,4.5,1,0,
241,NBI,'19.1 SE JCT US 101',1,Slab,46.5356074,-123.4805082,87.8,0,0,
242,NBI,'8.7 SE JCT 6 & 101',2,Stringer/Multi-beam or Girder,46.62635945,-123.5964552,33,0,0,
243,NBI,'2.39 W JCT SR 101',1,Slab,46.6290377,-123.9532206,2.2,1,0,
244,NBI,'00.1 W JCT SR 109',1,Slab,47.23919902,-124.2152916,2.9,1,0,
245,NBI,'1.0 S JCT 4 & 401',1,Slab,46.36464766,-123.8098515,4.6,1,0,
246,NBI,'1.3 SW JCT 4 & 401',1,Slab,46.62923596,-123.6977826,49.5,0,0,
247,NBI,'2.48 S JCT SR 6',2,Stringer/Multi-beam or Girder,46.36786812,-123.8213064,3.7,1,0,
248,NBI,'0.0 W JCT US 101',1,Slab,47.05707976,-123.9278104,3.2,1,0,
249,NBI,'0.4 S JCT 6292',1,Slab,46.97595408,-123.564708,2.7,1,0,
250,NBI,'0.5 N JCT CR 7974',1,Slab,47.05807367,-123.3080381,63.9,0,0,
251,NBI,'0.6 W JCT 6888',2,Stringer/Multi-beam or Girder,46.8060367,-123.3093972,36.5,0,0,
252,NBI,'1.4 NE JCT SR12',1,Slab,46.9681093,-123.3084853,23,1,0,
253,NBI,'1.7 E JCT SR 101',2,Stringer/Multi-beam or Girder,46.88438102,-123.682937,27,1,0,
254,NBI,'1.9 E JCT US 101',2,Stringer/Multi-beam or Girder,46.89055054,-123.6823043,29.1,1,0,
255,NBI,'02.3 N JCT 9725',1,Slab,47.06438625,-123.5532931,23.8,1,0,
256,NBI,'4.70 S JCT SR 101',2,Stringer/Multi-beam or Girder,46.62938835,-123.6961248,50.3,0,0,
257,NBI,'5.01 S JCT SR 101',22,Channel Beam ,46.6277563,-123.6905221,55.3,0,0,
258,NBI,'5.0 NE JCT US 101',1,Slab,47.49247741,-123.8145812,63.1,0,0,
259,NBI,'12.6 N JCT 4 & 101',2,Stringer/Multi-beam or Girder,46.61300953,-123.9000298,3.1,1,0,
260,NBI,'00.1 NE JCT 7974',1,Slab,47.0557659,-123.2994676,69.2,0,0,
261,NBI,'0.2 S JCT 9340',1,Slab,47.48999208,-123.8123969,63.2,0,0,
262,NBI,'00.2 W JCT 9415',1,Slab,47.06463403,-124.0403127,4.1,1,0,
263,NBI,'0.2 S JCT 9340',1,Slab,47.49273007,-123.8018047,67,0,0,
264,NBI,'0.4 S JCT 9634',1,Slab,46.97194374,-123.4232676,13.7,1,0,
265,NBI,'0.4 W THURSTON CO.',1,Slab,46.79576619,-123.162622,29,1,0,
266,NBI,'01.3 NE JCT 9740',2,Stringer/Multi-beam or Girder,47.05656563,-123.3001204,68.8,0,0,
267,NBI,'01.6 NE JCT 9740',2,Stringer/Multi-beam or Girder,47.05993915,-123.2973872,74.1,0,0,
268,NBI,'1.7 SW JCT 4 & 401',4,Tee Beam,46.36470393,-123.7810484,6.7,1,0,
269,NBI,'03.3 E JCT SR101',1,Slab,47.23704434,-123.9157638,49.5,0,0,
270,NBI,'03.6 SW JCT 9641',2,Stringer/Multi-beam or Girder,46.80451077,-123.2996807,34,0,0,
271,NBI,'9.0 W LEWIS CO',2,Stringer/Multi-beam or Girder,46.63199492,-123.5456344,67.3,0,0,
272,NBI,'00.0 PACIFIC CO LIN',1,Slab,46.79381517,-123.5321285,49.8,0,0,
273,NBI,'6.8 NE JCT US 101',1,Slab,47.50314139,-123.7811503,81.6,0,0,
274,NBI,'0.25 SW JCT SR 6',2,Stringer/Multi-beam or Girder,46.53418377,-123.51582,66,0,0,
275,NBI,'0.1 W WAHKIAKUM CO',1,Slab,46.35740348,-123.7300477,24.5,1,0,
276,NBI,'00.4 E JCT SR 12',2,Stringer/Multi-beam or Girder,46.97721635,-123.6162155,4.7,1,0,
277,NBI,'18.3 SE JCT US 101',1,Slab,46.53235358,-123.4950816,75.7,0,0,
278,NBI,'2.9 E JCT 4 & 401',2,Stringer/Multi-beam or Girder,46.37342363,-123.7476117,17.8,1,0,
279,NBI,'0.6  S JCT SR12',5,Box Beam or Girders - Multiple,46.9708311,-123.6251713,2.9,1,0,
280,NBI,'01.4 W JCT SR 101',2,Stringer/Multi-beam or Girder,47.23411931,-123.986101,33.3,0,0,
281,NBI,'0.1 MI. NW DELEZENNE RD',1,Slab,46.96895042,-123.3806037,12.6,1,0,
282,NBI,'0.6 S JCT 5294',1,Slab,46.95636963,-123.6394178,3.3,1,0,
283,NBI,'1.4 S JCT SR 12',4,Tee Beam,46.87804863,-123.2775393,18.8,1,0,
284,NBI,'03.6 NE JCT 9519',1,Slab,47.04108974,-123.6500699,19.2,1,0,
285,NBI,'3.5 N BRADY',5,Box Beam or Girders - Multiple,47.04345056,-123.5245928,17.1,1,0,
286,NBI,'03.8 NE JCT 9519',1,Slab,47.04236813,-123.6499019,20,1,0,
287,NBI,'14.2 N JCT SR12',2,Stringer/Multi-beam or Girder,47.137546,-123.6372809,49.6,0,0,
288,NBI,'5.0 NE JCT SR 8',4,Tee Beam,47.04960108,-123.306808,56.7,0,0,
289,NBI,'SOUTH OF LANGABEER ROAD',1,Slab,46.87332908,-123.2991165,19.3,1,0,
290,NBI,'05.9 N ABERDEEN',11,Arch - Deck,47.04425366,-123.7929814,4.7,1,0,
291,NBI,'10.0 N HOQUIAM',1,Slab,47.12665855,-123.8107485,39.2,0,0,
292,NBI,'0.8 W JCT SR 109',1,Slab,47.04535429,-124.0570275,0.4,1,0,
293,NBI,'0.9 SW JCT SR 109',1,Slab,47.04471745,-124.0589651,1.2,1,0,
294,NBI,'01.2 W JCT 9641',22,Channel Beam ,46.86645936,-123.3113961,24.5,1,0,
295,NBI,'03.9 NE JCT US 101',1,Slab,47.4819645,-123.8235439,61.5,0,0,
296,NBI,'4.1 NE JCT SR 8',4,Tee Beam,47.04233772,-123.3224011,43,0,0,
297,NBI,'4.3 E JCT SR 12',1,Slab,46.96220695,-123.6785866,2.7,1,0,
298,NBI,'1.5 E JCT 101  105',1,Slab,46.69698616,-123.7070428,4.6,1,0,
299,NBI,'00.9 S JCT SR12',1,Slab,46.96320767,-123.3478522,10.7,1,0,
300,NBI,'02.77 N END SR 103',2,Stringer/Multi-beam or Girder,46.5301993,-124.0564321,4.5,1,0,
301,NBI,'05.2 SW JCT 9519',1,Slab,47.04956056,-123.6986369,24.8,1,0,
302,NBI,'1.4 NE JCT US 101',5,Box Beam or Girders - Multiple,47.46069465,-123.8606593,65.4,0,0,
303,NBI,'0.06 S JCT 9710',1,Slab,47.02950886,-123.3449539,31.3,0,0,
304,NBI,'2.2 SW GRAYS H CO',22,Channel Beam ,46.77597339,-123.4677661,69,0,0,
305,NBI,'0.3 SW JCT SR 109',1,Slab,47.20963061,-124.2038132,15.7,1,0,
306,NBI,'0.37 N JCT SR 401',2,Stringer/Multi-beam or Girder,46.34258799,-123.8125942,10.9,1,0,
307,NBI,'2.3 NE JCT US 101',1,Slab,47.4684624,-123.8458225,62.2,0,0,
308,NBI,'0.1 W JCT SR 12',2,Stringer/Multi-beam or Girder,46.93927762,-123.3135484,8.7,1,0,
309,NBI,'1.3 W JCT CR 9641',1,Slab,46.85560063,-123.309181,25.7,1,0,
310,NBI,'1.9 N JCT CR 9710',1,Slab,47.02691373,-123.4471598,21.9,1,0,
311,NBI,'02.1 N JCT 9710',1,Slab,47.03042723,-123.4450996,23,1,0,
312,NBI,'03.9 N ABERDEEN',1,Slab,47.0258522,-123.8157471,6.6,1,0,
313,NBI,'3.3 SW JCT 4 & 101',1,Slab,46.42622344,-123.8922247,2.9,1,0,
314,NBI,'01.1 E JCT SR12',1,Slab,46.94643229,-123.2952426,18,1,0,
315,NBI,'12.2 N JCT SR12',1,Slab,47.11644845,-123.6566766,44.4,0,0,
316,NBI,'11.7 N ABERDEEN',5,Box Beam or Girders - Multiple,47.10935598,-123.7893037,14.1,1,0,
317,NBI,'02.5 NE JCT 9519',1,Slab,47.0289707,-123.6345105,14.9,1,0,
318,NBI,'02.9 NE JCT 9519',1,Slab,47.0336457,-123.6392771,15.7,1,0,
319,NBI,'8.1 N JCT 4 & 101',1,Slab,46.51359301,-123.8626677,5.4,1,0,
320,NBI,'02.0 NE JCT 9519',1,Slab,47.02723591,-123.6250204,13.1,1,0,
321,NBI,'02.7 W JCT 9740',2,Stringer/Multi-beam or Girder,47.03447544,-123.3703068,30.6,0,0,
322,NBI,'2.6 S GRAY HAR CO',2,Stringer/Multi-beam or Girder,46.77535478,-123.5054566,54.1,0,0,
323,NBI,'0.79 S JCT SR 6',19,Culvert (inlcudes frame culverts),46.59023487,-123.6203098,27,1,1,
324,NBI,'9.3 SE JCT 6 & 101',2,Stringer/Multi-beam or Girder,46.58595735,-123.6232621,22.9,1,0,
325,NBI,'00.5 NE JCT 9519',1,Slab,47.01525971,-123.6453114,9.9,1,0,
326,NBI,'2.6 S JCT 96411',2,Stringer/Multi-beam or Girder,46.93916562,-123.3931887,22,1,0,
327,NBI,'03.1 N JCT SR 12',1,Slab,47.01060121,-123.6530511,9.2,1,0,
328,NBI,'11.8 N JCT 4 & 101',22,Channel Beam ,46.58696128,-123.9107431,2.9,1,0,
329,NBI,'4.4 E JCT 101  105',2,Stringer/Multi-beam or Girder,46.67764099,-123.6629352,3.3,1,0,
330,NBI,'5.7 NW JCT 4 & 101',2,Stringer/Multi-beam or Girder,46.4936449,-123.9019503,2.9,1,0,
331,NBI,'00.8 N JCT 9423',1,Slab,47.10132345,-124.0447324,10.3,1,0,
332,NBI,'3.1 E JCT 6 & 101',2,Stringer/Multi-beam or Girder,46.66472408,-123.6737465,3,1,0,
333,NBI,'4.0 E JCT 105 & 101',2,Stringer/Multi-beam or Girder,46.67730451,-123.669564,1.8,1,0,
334,NBI,'4.4 E JCT 105 101',2,Stringer/Multi-beam or Girder,46.67142804,-123.6692713,3.9,1,0,
335,NBI,'4.1 N JCT SR 12',1,Slab,47.02033996,-123.696539,16.6,1,0,
336,NBI,'09.4 NW JCT US 101',1,Slab,47.1029408,-124.0628267,9.4,1,0,
337,NBI,'00.5 N JCT 9710',22,Channel Beam ,47.0135763,-123.4654072,13.3,1,0,
338,NBI,'2.5 S GRAYS HAR CO',1,Slab,46.75796406,-124.0779985,4,1,0,
339,NBI,'0.7 N JCT CR 9710',1,Slab,47.01648263,-123.4655396,15.6,1,0,
340,NBI,'00.8 N JCT 9710',1,Slab,47.01803009,-123.4655832,16.3,1,0,
341,NBI,'01.1 N JCT 9710',1,Slab,47.01919693,-123.4563161,18.3,1,0,
342,NBI,'0.7 NE JCT CR 9740',11,Arch - Deck,47.02285732,-123.3650163,24.1,1,0,
343,NBI,'1.6 E JCT SR 8',4,Tee Beam,47.02188314,-123.3640403,23.4,1,0,
344,NBI,'1.9 E JCT SR 8',4,Tee Beam,47.02411934,-123.3590431,26.5,1,0,
345,NBI,'2.0 NE JCT SR 8',4,Tee Beam,47.02534521,-123.3563595,25.9,1,0,
346,NBI,'00.8 E JCT 9740',1,Slab,47.0102133,-123.367288,20.7,1,0,
347,NBI,'5.0 SE JCT 6 & 101',2,Stringer/Multi-beam or Girder,46.65016799,-123.6536105,3.6,1,0,
348,NBI,'0.16 N WAHKIAKUM CO',4,Tee Beam,46.38678066,-123.6962574,43.4,0,0,
349,NBI,'00.5 S JCT SR12',11,Arch - Deck,46.8366274,-123.2224123,25.2,1,0,
350,NBI,'0.6 W JCT 9519',1,Slab,47.08164322,-123.7015733,29.7,1,0,
351,NBI,'3.7 S GRAY HAR CO',1,Slab,46.74087319,-124.0721419,4.7,1,0,
352,NBI,'0.6 E SATSOP',11,Arch - Deck,47.00603763,-123.4690774,12.9,1,0,
353,NBI,'3.2 SE JCT 101 & 6',19,Culvert (inlcudes frame culverts),46.66470004,-123.6777,4.5,1,1,
354,NBI,'01.4 NE JCT 9431',1,Slab,46.99841692,-123.8007622,3.1,1,0,
355,NBI,'7.2 NW JCT US 101',1,Slab,47.07457154,-124.0524385,5.8,1,0,
356,NBI,'9.0 NW JCT SR 101',2,Stringer/Multi-beam or Girder,47.09741171,-124.0593604,6.5,1,0,
357,NBI,'4.7 NE JCT SR 12',1,Slab,46.99721835,-123.2945707,50.2,0,0,
358,NBI,'7.9 NE JCT 6 & 101',1,Slab,46.74815727,-123.670844,56.4,0,0,
359,NBI,'0.2 W JCT E HOQ RD',3,Girder and Floorbeam System,47.00513302,-123.8820897,-0.5,1,0,
360,NBI,'1.7 SW JCT SR 12',9,Truss - Deck,46.82984493,-123.2586267,13.3,1,0,
361,NBI,'04.1 W JCT 9519',1,Slab,47.08145696,-123.7548079,14.1,1,0,
362,NBI,'0.6 E JCT W.SATSOP',4,Tee Beam,47.00006017,-123.4987464,12.9,1,0,
363,NBI,'00.1 W JCT E.SATSOP',10,Truss - Thru,47.00122914,-123.4949325,11,1,0,
364,NBI,'7.1 N BRADY',2,Stringer/Multi-beam or Girder,47.08560736,-123.4895897,30.1,0,0,
365,NBI,'0.1 W DUCK LAKE DR',2,Stringer/Multi-beam or Girder,46.98884548,-124.1461248,3.2,1,0,
366,NBI,'0.1 E DOLPHIN',2,Stringer/Multi-beam or Girder,46.9980445,-124.148505,3.2,1,0,
367,NBI,'E SARGENT BLVD',1,Slab,46.97960004,-123.7815276,0.9,1,0,
368,NBI,'YOUNG STREET',2,Stringer/Multi-beam or Girder,46.98467449,-123.8051969,0.6,1,0,
369,NBI,'DIVISION CREEK',6,Box Beam or Girders - Single or Spread,46.97894311,-123.8318695,6.6,1,0,
370,NBI,'0.1 N DISCOVERY',2,Stringer/Multi-beam or Girder,46.95260046,-124.1350003,3.6,1,0,
371,NBI,'0.22 MI SW JCT E YOUNG ST',4,Tee Beam,47.00496625,-123.3969344,20.6,1,0,
372,NBI,'0.5 N JCT 5207',2,Stringer/Multi-beam or Girder,47.12320415,-123.7763729,26.4,1,0,
373,NBI,'0.8 S JCT SR 101',2,Stringer/Multi-beam or Girder,47.18559726,-123.9525322,30.1,0,0,
374,NBI,'02.8 E JCT SR101',2,Stringer/Multi-beam or Girder,47.23154067,-123.9229648,46.5,0,0,
375,NBI,'00.1 SE JCT SR8',4,Tee Beam,47.04348637,-123.314716,49.6,0,0,
376,NBI,'03.7 S JCT 96412',4,Tee Beam,46.93117252,-123.4132324,28.3,1,0,
377,NBI,'4.9 N JCT 101 & 105',22,Channel Beam ,46.74583197,-123.7168261,47.7,0,0,
378,NBI,'1.2 SW GRAYS H. CO.',2,Stringer/Multi-beam or Girder,46.77753362,-123.4625014,70.8,0,0,
379,NBI,'10.2 SE JCT 6 & 101',2,Stringer/Multi-beam or Girder,46.62426614,-123.5676975,54.2,0,0,
380,NBI,'00.0 SW JCT 9519',2,Stringer/Multi-beam or Girder,47.00906385,-123.6513064,8.2,1,0,
381,NBI,'08.20 N. ABERDEEN',2,Stringer/Multi-beam or Girder,47.07211575,-123.771174,14.1,1,0,
382,NBI,'11.2 SE JCT 6 & 101',4,Tee Beam,46.5622761,-123.6120665,35.1,0,0,
383,NBI,'0.07 N JCT SR 6',2,Stringer/Multi-beam or Girder,46.56427193,-123.5884909,46.2,0,0,
384,NBI,'13.0 SE JCT US 101',19,Culvert (inlcudes frame culverts),46.56277002,-123.5623226,51.8,0,1,
385,NBI,'5.1 N JCT 105-101',22,Channel Beam ,46.74908165,-123.7670183,50.5,0,0,
386,NBI,'0.29 E JCT SR 101',22,Channel Beam ,46.73985402,-123.7383312,44.2,0,0,
387,NBI,'7.1 SE JCT 6 & 101',2,Stringer/Multi-beam or Girder,46.64295331,-123.6160538,19.9,1,0,
388,NBI,'0.04 NE MILL CR RD',2,Stringer/Multi-beam or Girder,46.64564636,-123.6305973,13.4,1,0,
389,NBI,'10.8 SE JCT 6 & 101',1,Slab,46.62762836,-123.556918,57.3,0,0,
390,NBI,'ENT MORRISON RIV PK',1,Slab,46.97694814,-123.8013071,3.8,1,0,
391,NBI,'0.74 E JCT 401',2,Stringer/Multi-beam or Girder,46.3468956,-123.8113271,8.4,1,0,
392,NBI,'3.41 S JCT SR 6',1,Slab,46.62399153,-123.684171,57,0,0,
393,NBI,'1.0 S GRAY HAR. CO.',22,Channel Beam ,46.7783246,-123.7335095,48.5,0,0,
394,NBI,'1.2 MILES E. SR 105',5,Box Beam or Girders - Multiple,46.69436155,-123.7120548,3.5,1,0,
395,NBI,'00.2 NW JCT 7365',2,Stringer/Multi-beam or Girder,47.22411152,-123.513067,88.7,0,0,
396,NBI,'7.1 N JCT 4 AND 101',2,Stringer/Multi-beam or Girder,46.52028619,-123.879319,4.1,1,0,
397,NBI,'2.1 S JCT SR 6 AND SR 101',2,Stringer/Multi-beam or Girder,46.65873416,-123.730621,3.3,1,0,
398,NBI,'LAKE SYLVIA STATE PARK',2,Stringer/Multi-beam or Girder,46.99647421,-123.5939851,38.3,0,0,
399,NBI,'00.5 E PACIFIC BEACH',1,Slab,47.20883406,-124.1887373,2.8,1,0,
400,NBI,'0.12 E JCT 9725',1,Slab,47.00970688,-123.5145416,14.1,1,0,
401,NBI,'0.25 E JCT US 101',4,Tee Beam,46.88833166,-123.7110155,26.9,1,0,
402,NBI,'0.34 MI. W. OF 9641',19,Culvert (inlcudes frame culverts),46.99637685,-123.4116401,8.7,1,1,
403,NBI,'0.15 N HOWANUT RD',19,Culvert (inlcudes frame culverts),46.81749173,-123.1605422,31.4,0,1,
404,NBI,'1.9 SW JCT 95190',19,Culvert (inlcudes frame culverts),47.00425248,-123.6861062,17,1,1,
405,NBI,'0.4 E JCT 94311',2,Stringer/Multi-beam or Girder,47.04840231,-123.7793509,2.8,1,0,
406,NBI,'WEST WYNOOCHEE AVE',2,Stringer/Multi-beam or Girder,46.97656698,-123.6138144,4.3,1,0,
407,NBI,'7.6 N JCT 4 & 101',4,Tee Beam,46.51671656,-123.8730301,3.3,1,0,
408,NBI,'0.1 E POINT BROWN AVE',2,Stringer/Multi-beam or Girder,46.98466212,-124.1565588,2.7,1,0,
409,NBI,'0.3 E POINT BROWN AVE',2,Stringer/Multi-beam or Girder,46.98525582,-124.1499316,5,1,0,
410,NBI,'1.83 W JCT US 101',1,Slab,47.0507733,-123.9628213,27.7,1,0,
411,NBI,'0.2 NW JCT 7365',2,Stringer/Multi-beam or Girder,47.1752506,-123.5127406,69.2,0,0,
412,NBI,'1.4 W JCT US 101',19,Culvert (inlcudes frame culverts),47.05454489,-123.9559706,22.6,1,1,
413,NBI,'0.8 W JCT US 101',19,Culvert (inlcudes frame culverts),47.05644844,-123.9436813,14.5,1,1,
414,NBI,'3.2 W JCT 6888',1,Slab,46.7987311,-123.352937,70.9,0,0,
415,NBI,'1.9 NW JCT SR 12',19,Culvert (inlcudes frame culverts),46.94307069,-123.3508364,14.5,1,1,
416,NBI,'0.2 SE JCT GARRARD CR RD',1,Slab,46.80897282,-123.2721505,28.8,1,0,
417,NBI,'2.2 N JCU 9710',19,Culvert (inlcudes frame culverts),47.02673689,-123.5250296,20.3,1,1,
418,NBI,'23.4 MILES N. SR12',19,Culvert (inlcudes frame culverts),47.24657195,-123.6121693,132,0,1,
419,NBI,'24.23 MILES N. SR12',19,Culvert (inlcudes frame culverts),47.25791711,-123.6148563,156.9,0,1,
420,NBI,'25.2 MILES N. SR12',4,Tee Beam,47.27010523,-123.6192677,178.1,0,0,
421,NBI,'26.0 MILES N. SR12',19,Culvert (inlcudes frame culverts),47.2775207,-123.628831,186.1,0,1,
422,NBI,'28.4 MILES N. SR12',4,Tee Beam,47.31395394,-123.6291015,217.1,0,0,
423,NBI,'O.1 MI S OF GARRARD CR RD',1,Slab,46.80436997,-123.2877518,34,0,0,
424,NBI,'SCHMID ROAD MP 0.5',1,Slab,46.81621386,-124.0919144,4.7,1,0,
425,NBI,'0.5 W JCT SR 12',1,Slab,46.93928899,-123.3217632,14.5,1,0,
426,NBI,'4.7 NE JCT SR101',19,Culvert (inlcudes frame culverts),47.49014385,-123.8177987,62.1,0,1,
427,NBI,'03.9 NE JCT 9519',1,Slab,47.04484075,-123.6523552,19,1,0,
428,NBI,'0.4 N GARRARD CREEK RD',19,Culvert (inlcudes frame culverts),46.83421456,-123.2640846,26.2,1,1,
429,NBI,'0.03 N WILDERNESS ROAD',1,Slab,46.8061126,-123.3302311,38.6,0,0,
430,NBI,'2.8 NE OF JCT SR 101',2,Stringer/Multi-beam or Girder,47.47311726,-123.83806,62.3,0,0,
431,NBI,'00.1 N MARINE DRIVE',2,Stringer/Multi-beam or Girder,46.95148656,-124.1466917,3.2,1,0,
432,NBI,'8.4 N Wishkah School',4,Tee Beam,47.21547412,-123.7082843,70.7,0,0,
433,NBI,'33.1 MILES N. SR12',19,Culvert (inlcudes frame culverts),47.37035001,-123.5999101,258.7,0,1,
434,NBI,'0.0 W JCT 9423',19,Culvert (inlcudes frame culverts),47.07196651,-124.0501617,6.5,1,1,
435,NBI,'0.5 SW JCT SR 12',19,Culvert (inlcudes frame culverts),46.83339912,-123.2330763,24.3,1,1,
436,NBI,'0.1 N JCT CR 1098',1,Slab,46.8116604,-124.0919193,5.1,1,0,
437,NBI,'1.4 SW JCT SR 12',2,Stringer/Multi-beam or Girder,46.83001927,-123.2501882,19.3,1,0,
438,NBI,'4.6 NW JCT US 101',19,Culvert (inlcudes frame culverts),47.05942604,-124.0037992,7.8,1,1,
439,NBI,'0.2 N of Copalis Bch Rd',2,Stringer/Multi-beam or Girder,47.12105517,-124.1519955,2.8,1,0,
440,NBI,'0.5 SE SR101 INTERSECTION',2,Stringer/Multi-beam or Girder,46.66426135,-123.7778494,2.1,1,0,
441,NBI,'2.2 MILES E JCT SR 107',19,Culvert (inlcudes frame culverts),46.96351628,-123.5639502,8.4,1,1,
442,NBI,'0.01 MI S JCT 84500',19,Culvert (inlcudes frame culverts),46.94613727,-123.2949341,21,1,1,
443,NBI,'4.4 SW JCT SOUTH BANK RD',2,Stringer/Multi-beam or Girder,46.93166714,-123.4266835,38.4,0,0,
444,NBI,'0.3 SE JCT GARRARD CRK RD',2,Stringer/Multi-beam or Girder,46.81186714,-123.2521841,24.4,1,0,
445,NBI,'0.7 MI NE JCT US101',19,Culvert (inlcudes frame culverts),47.17093817,-123.8750118,51.5,0,1,
446,NBI,'3.9 MI E JCT SR105',19,Culvert (inlcudes frame culverts),46.86904384,-123.9501465,5,1,1,
447,NBI,'4.3 MI E JCT SR105',19,Culvert (inlcudes frame culverts),46.86584607,-123.9437846,6.5,1,1,
448,NBI,'5.1 MI E JCT SR105',19,Culvert (inlcudes frame culverts),46.85841155,-123.9316701,11.1,1,1,
449,NBI,'0.12 SE JCT 86290',1,Slab,47.04319041,-123.2493462,86.1,0,0,
450,NBI,'0.03 N JCT 96412',19,Culvert (inlcudes frame culverts),46.9740256,-123.3891518,11.9,1,1,
451,NBI,'0.53 S JCT 96540',19,Culvert (inlcudes frame culverts),46.93175969,-123.3269365,13.5,1,1,
452,NBI,'1.3 W JCT 96540',19,Culvert (inlcudes frame culverts),46.94400231,-123.3515961,13.9,1,1,
453,NBI,'4.2 E JCT 96540',19,Culvert (inlcudes frame culverts),46.97466116,-123.3923963,16.3,1,1,
454,NBI,'5.28 N JCT 97100',19,Culvert (inlcudes frame culverts),47.06286097,-123.5010896,31,0,1,
455,NBI,'1.99 SE JCT SR 6',1,Slab,46.60951272,-123.6777224,69.5,0,0,
456,NBI,'0.11 N JCT OXBOW RD',19,Culvert (inlcudes frame culverts),46.58680885,-123.6318887,33.3,0,1,
457,NBI,'0.3 NE JCT SR 101',1,Slab,47.16488793,-123.8766505,46.8,0,0,
458,NBI,'0.35 W PT BROWN AVE',2,Stringer/Multi-beam or Girder,46.95994162,-124.1575964,3.1,1,0,
459,NBI,'0.9 W JCT MOX CHEHALIS RD',19,Culvert (inlcudes frame culverts),47.03638505,-123.2831378,76.5,0,1,
460,NBI,'1.1 W JCT MOX CHEHALIS RD',1,Slab,47.03413279,-123.28533,71.9,0,0,
461,NBI,'1.7 W JCT MOX CHEHALIS RD',1,Slab,47.02720261,-123.2916073,65,0,0,
462,NBI,'2.2 W JCT MOX CHEHALIS RD',1,Slab,47.02254421,-123.2979181,59.3,0,0,
463,NBI,'2.8 W JCT MOX CHEHALIS RD',1,Slab,47.01549039,-123.30833,55.3,0,0,
464,NBI,'7.9 NE JCT SR12',1,Slab,47.03413453,-123.2622057,76,0,0,
465,NBI,'8.7 E JCT US 101',2,Stringer/Multi-beam or Girder,46.83246829,-123.5892539,39.2,0,0,
466,NBI,'0.81 NE JCT 78150',19,Culvert (inlcudes frame culverts),47.03976561,-123.3517747,39.7,0,1,
467,NBI,'0.89 NE JCT 78150',19,Culvert (inlcudes frame culverts),47.04037874,-123.3505012,43,0,1,
468,NBI,'2.3 N JCT HOQ-WISHKAH RD',19,Culvert (inlcudes frame culverts),47.14539399,-123.8256708,48.3,0,1,
469,NBI,'2.5 N. JCT US12',19,Culvert (inlcudes frame culverts),47.00225132,-123.676124,19.1,1,1,
470,NBI,'1.7 SE JCT SR6',19,Culvert (inlcudes frame culverts),46.60725003,-123.6724439,69.6,0,1,
471,NBI,'0.4 N JCT ELMA HICKLIN RD',1,Slab,47.07387131,-123.30099,81,0,0,
472,NBI,'0.9 W JCT 95190',1,Slab,47.00568704,-123.6668501,14.1,1,0,
473,NBI,'1.0 W JCT 95190',1,Slab,47.00557607,-123.6682347,13.9,1,0,
474,NBI,'0.2 S JCT 62920',19,Culvert (inlcudes frame culverts),46.98003339,-123.564788,6.5,1,1,
475,NBI,'0.1 S JCT 79740',1,Slab,47.07777428,-123.2672146,95.9,0,0,
476,NBI,'0.5 W JCT SR 108',1,Slab,47.080574,-123.2627034,101.9,0,0,
477,NBI,'0.3 N JCT 79740',1,Slab,47.0844631,-123.26019,105.3,0,0,
478,NBI,'4.9 MI. NE OF JCT. HWY. 1',1,Slab,47.50318312,-123.8350991,61.8,0,0,
479,NBI,'5.3 MI. NE OF JCT. HWY. 1',1,Slab,47.5033377,-123.8262432,64.7,0,0,
480,NBI,'6.6 Mi. NE of Jct. Hwy. 1',10,Truss - Thru,47.51099783,-123.8073658,82.2,0,0,
481,NBI,'2.1 MI. NE OF JCT. HWY. 1',4,Tee Beam,47.48168607,-123.8891042,75.5,0,0,
482,NBI,'Approximately MP 6.2 on N',10,Truss - Thru,47.50909938,-123.8177,73.3,0,0,
483,WSDOT,O SHORE 1',25,Other/Unknown,47.00564179,-124.1505591,4.4,1,0,
484,UNINVENTORIED,NW East West Rd,25,Other/Unknown,45.808853,-122.763832,2.1,1,0,
485,UNINVENTORIED,Unnamed,25,Other/Unknown,45.924542,-122.797144,2.2,1,0,
486,UNINVENTORIED,Unnamed,23,Pedestrian,46.231971,-123.326708,19.1,1,0,
487,UNINVENTORIED,Discovery Trail,23,Pedestrian,46.309385,-124.069047,5.8,1,0,
488,UNINVENTORIED,Pedestrian bridge,23,Pedestrian,46.524165,-124.05576,4.6,1,0,
489,UNINVENTORIED,Pedestrian bridge,23,Pedestrian,46.527405,-124.05577,4.5,1,0,
490,UNINVENTORIED,Pedestrian bridge,23,Pedestrian,46.531952,-124.056879,4.6,1,0,
491,UNINVENTORIED,Pedestrian bridge,23,Pedestrian,46.551848,-124.05754,4.8,1,0,
492,UNINVENTORIED,Pedestrian bridge,23,Pedestrian,46.555558,-124.058037,4.7,1,0,
493,UNINVENTORIED,Unnamed,25,Other/Unknown,46.426675,-123.894564,3.1,1,0,
494,UNINVENTORIED,Wilson County Rd,25,Other/Unknown,46.679649,-123.658791,2.2,1,0,
495,UNINVENTORIED,Unnamed,25,Other/Unknown,46.695795,-123.710162,3.8,1,0,
496,UNINVENTORIED,Unnamed,25,Other/Unknown,46.836104,-124.077081,2,1,0,
497,UNINVENTORIED,Unnamed,25,Other/Unknown,46.838428,-123.989137,1.6,1,0,
498,UNINVENTORIED,Unnamed,25,Other/Unknown,46.874453,-123.950497,3.2,1,0,
499,UNINVENTORIED,Unnamed,23,Pedestrian,46.904125,-123.98164,1.8,1,0,
500,UNINVENTORIED,Unnamed,25,Other/Unknown,46.920965,-123.957895,1.5,1,0,
501,UNINVENTORIED,Unnamed,25,Other/Unknown,46.930959,-123.908185,3.6,1,0,
502,UNINVENTORIED,Unnamed,25,Other/Unknown,46.950144,-123.851616,1.9,1,0,
503,UNINVENTORIED,Unnamed,25,Other/Unknown,46.940676,-123.849677,3.5,1,0,
504,UNINVENTORIED,Unnamed,25,Other/Unknown,46.951994,-123.842486,1.4,1,0,
505,UNINVENTORIED,Unnamed,25,Other/Unknown,46.952217,-123.842672,1.3,1,0,
506,UNINVENTORIED,Unnamed,25,Other/Unknown,46.956419,-123.822529,2.9,1,0,
507,UNINVENTORIED,Unnamed,25,Other/Unknown,46.956248,-123.822383,2.1,1,0,
508,UNINVENTORIED,Unnamed,25,Other/Unknown,46.955923,-123.820609,3,1,0,
509,UNINVENTORIED,Basich Trailway,23,Pedestrian,46.959756,-123.777853,2.1,1,0,
510,UNINVENTORIED,Unnamed,25,Other/Unknown,46.962808,-123.595113,2.2,1,0,
511,UNINVENTORIED,Unnamed,25,Other/Unknown,46.978239,-123.85015,2.9,1,0,
512,UNINVENTORIED,Unnamed,23,Pedestrian,47.077201,-124.169126,3.6,1,0,
513,UNINVENTORIED,Unnamed,23,Pedestrian,47.079348,-124.169728,3.8,1,0,
514,UNINVENTORIED,Unnamed,23,Pedestrian,47.081007,-124.170064,3.8,1,0,
515,UNINVENTORIED,Unnamed,23,Pedestrian,47.083343,-124.171711,3.2,1,0,
516,UNINVENTORIED,Chabot Rd,23,Pedestrian,47.086469,-124.172278,3.2,1,0,
517,UNINVENTORIED,Unnamed,23,Pedestrian,47.09614,-124.177113,3.7,1,0,
518,UNINVENTORIED,Unnamed,23,Pedestrian,47.098109,-124.17749,4,1,0,
519,UNINVENTORIED,Unnamed,23,Pedestrian,47.102704,-124.177999,3.2,1,0,
520,UNINVENTORIED,Unnamed,23,Pedestrian,47.104656,-124.178718,3.3,1,0,
521,UNINVENTORIED,Unnamed,23,Pedestrian,47.111307,-124.180271,3,1,0,
522,UNINVENTORIED,B-Line Rd,25,Other/Unknown,47.211614,-124.184684,5,1,0,
523,UNINVENTORIED,BIA 7000 Rd,25,Other/Unknown,47.386605,-124.308439,10.2,1,0,
524,UNINVENTORIED,Unnamed,25,Other/Unknown,47.399311,-124.324408,6.1,1,0,
531,UNINVENTORIED,Ocean Ave,25,Other/Unknown,46.892762,-124.045466,2.1,1,0,
532,UNINVENTORIED,Unnamed,25,Other/Unknown,46.89757,-124.031229,1.9,1,0,
537,UNINVENTORIED,Van Orsdol Rd,25,Other/Unknown,47.043627,-123.792553,4.4,1,0,
538,UNINVENTORIED,Unnamed,25,Other/Unknown,47.043112,-123.792563,4.3,1,0,
539,UNINVENTORIED,HOUCHEN EVAC,25,Other/Unknown,46.27017631,-123.9305498,3.4,1,0,
540,UNINVENTORIED,MORA EVAC,25,Other/Unknown,47.92164159,-124.6197226,3.8,1,0,
541,UNINVENTORIED,DUNES EVAC,25,Other/Unknown,47.05469848,-124.1645989,3.2,1,0,
542,WSDOT,JULIA BUTLER HANSEN,10,Truss - Thru,46.19503471,-123.3847534,1.1,1,0,
543,WSDOT,BIRNE SLOUGH,2,Stringer/Multi-beam or Girder,46.17975653,-123.3771579,2.1,1,0,
544,WSDOT,GOLF PED OCS,23,Pedestrian,46.99982129,-124.1593174,2.7,1,0,
545,WSDOT,DRAINAGE RELIEF CULV,19,Culvert (inlcudes frame culverts),46.88591702,-124.0477382,6.4,1,1,
546,WSDOT,OCASTA DRAINAGE,19,Culvert (inlcudes frame culverts),46.89277739,-124.0321463,2.6,1,1,
547,WSDOT,UNNAMED TRIBUTARY TO BOONE CREEK,19,Culvert (inlcudes frame culverts),47.15743322,-124.1880526,7.8,1,0,
548,WSDOT,SR 105 DRAINAGE,19,Culvert (inlcudes frame culverts),46.8912882,-124.0457765,2.9,1,1,
549,WSDOT,DUCK CREEK,25,Other/Unknown,47.38557804,-124.3123682,13.3,1,0,
550,WSDOT,JOHNSON SLOUGH,19,Culvert (inlcudes frame culverts),46.70658905,-123.8224526,3.5,1,0,
551,WSDOT,KELLOG SLOUGH,19,Culvert (inlcudes frame culverts),46.72994096,-123.8595508,3.4,1,0,
552,UNINVENTORIED,BN Railroad,24,Rail,46.97466164,-123.612953,4.5,1,0,
553,UNINVENTORIED,BN Railroad,24,Rail,46.96567938,-123.6670785,3,1,0,
554,UNINVENTORIED,BN Railroad,24,Rail,46.96039005,-123.698839,3.4,1,0,
555,UNINVENTORIED,BN Railroad,24,Rail,46.96114064,-123.7221539,3,1,0,
556,UNINVENTORIED,BN Railroad,24,Rail,46.97027782,-123.7447901,2.8,1,0,
557,UNINVENTORIED,BN Railroad,24,Rail,46.97334128,-123.7514541,1.1,1,0,
558,UNINVENTORIED,BN Railroad,24,Rail,46.97491324,-123.7703353,0.7,1,0,
559,UNINVENTORIED,BN Railroad,24,Rail,46.97173559,-123.8746588,2.8,1,0,
560,UNINVENTORIED,BN Railroad,24,Rail,46.97193046,-123.8765093,0.7,1,0,
561,UNINVENTORIED,BN Railroad,24,Rail,46.97481296,-123.8101218,0.7,1,0,
562,UNINVENTORIED,BN Railroad,24,Rail,46.974819,-123.810137,1,1,0,
